{
   "Fussbodenheizung_Copper_100mm_m2": {
      "oekobaudat_uuid": "6c0ae55f-18da-4015-989e-dc3b394022e5",
      "oekobaudat_calculation_factor": 1,
      "Herstellung": 22.2547633182598,
      "Transport": 0.0600684104571438,
      "Abfallbehandlung": 3.16113820605953,
      "Beseitigung": 0.0102458347849768,
      "Recyclingpotential": -5.12348460383779
   },
   "Fussbodenheizung_Copper_200mm_m2": {
      "oekobaudat_uuid": "58ea368c-24fa-4cf3-9f08-f140a2be6a72",
      "oekobaudat_calculation_factor": 1,
      "Herstellung": 13.0476678531824,
      "Transport": 0.0336480986018648,
      "Abfallbehandlung": 3.16113820605953,
      "Beseitigung": 0.00593179908603922,
      "Recyclingpotential": -3.10237187637543
   },
   "Fussbodenheizung_PEX_100mm_m2": {
      "oekobaudat_uuid": "e787b7b8-6846-4d3f-b72b-d587e6833613",
      "oekobaudat_calculation_factor": 1,
      "Herstellung": 6.77822353741455,
      "Transport": 0.015258660909459,
      "Abfallbehandlung": 6.67351399057011,
      "Beseitigung": 0.00341527826165895,
      "Recyclingpotential": -2.28265820326095
   },
   "Fussbodenheizung_PEX_200mm_m2": {
      "oekobaudat_uuid": "ce17aa80-9649-47ae-abd8-eb45488e4af7",
      "oekobaudat_calculation_factor": 1,
      "Herstellung": 5.30939796275971,
      "Transport": 0.0112432238280224,
      "Abfallbehandlung": 4.91732609831482,
      "Beseitigung": 0.00251652082438028,
      "Recyclingpotential": -1.68195867608701
   },
   "Fussbodenheizung_PP_100mm_m2": {
      "oekobaudat_uuid": "36b822fe-af51-4742-a94e-4159791a9f32",
      "oekobaudat_calculation_factor": 1,
      "Herstellung": 6.55098868378569,
      "Transport": 0.015258660909459,
      "Abfallbehandlung": 6.67351399057011,
      "Beseitigung": 0.00341527826165895,
      "Recyclingpotential": -2.28265820326095
   },
   "Fussbodenheizung_PP_200mm_m2": {
      "oekobaudat_uuid": "f4aa8b0b-1b30-4621-9af8-ace815d8ee48",
      "oekobaudat_calculation_factor": 1,
      "Herstellung": 5.19578053594529,
      "Transport": 0.0112432238280224,
      "Abfallbehandlung": 4.91732609831482,
      "Beseitigung": 0.00251652082438028,
      "Recyclingpotential": -1.68195867608701
   },
   "Innenverzinne_Kupferrohre_pro_1kg": {
      "oekobaudat_uuid": "e5a4ebf9-0e5c-4fd8-bb04-1acb5497312f",
      "oekobaudat_calculation_factor": 1,
      "Herstellung": 5.05984929783852,
      "Transport": 0.00426009080011634,
      "Abfallbehandlung": 0.0,
      "Recyclingpotential": -3.16326074623955
   },
   "Stahlrohr": {
      "oekobaudat_uuid": "3a9b06e9-50a1-44a3-b923-6b66b89d16e0",
      "oekobaudat_calculation_factor": 1,
      "Herstellung": 2.49119095715841,
      "Transport": 0.0100772533213305,
      "Abfallbehandlung": 0.0,
      "Beseitigung": 0.00164686494353777,
      "Recyclingpotential": -1.32349983793772
   },
   "Heizkoerper": {
      "oekobaudat_uuid": "9b6db56a-bf13-4f56-a0aa-44c3119502e1",
      "oekobaudat_calculation_factor": 1,
      "Herstellung": 4.4445529087898,
      "Transport": 0.011173884890264,
      "Abfallbehandlung": 0.0,
      "Beseitigung": 0.00089875743727867,
      "Recyclingpotential": -1.28040131391904
   },
   "Rohrisolierung": {
      "oekobaudat_uuid": "cf1ee42d-29c7-48d4-9663-5082acdc3359",
      "oekobaudat_calculation_factor": 0.01818,
      "Herstellung": 251.696498135739,
      "Transport": 0.403994665354777,
      "Abfallbehandlung": 137.404658003732,
      "Beseitigung": 0.0905775718945771,
      "Recyclingpotential": -51.2008551963688
   },
   "Mineralwolle-Daemmstoff": {
      "oekobaudat_uuid": "699e3d57-72b4-402d-a0ee-cebb06f3cdf1",
      "oekobaudat_calculation_factor": 0.01,
      "Herstellung": 120.801189957615,
      "Transport": 0.303243834316614,
      "Einbau": 18.5055888958115,
      "Beseitigung": 2.19085477694245,
      "Recyclingpotential": -6.01332991285451
   },
   "Lueftungskanal": {
      "oekobaudat_uuid": "40edb030-3b81-47f6-a24f-acd8b2be0d20",
      "oekobaudat_calculation_factor": 1,
      "Herstellung": 3.06453168438919,
      "Transport": 0.0110084632730329,
      "Abfallbehandlung": 0.0,
      "Beseitigung": 0.00179751487455734,
      "Recyclingpotential": -1.23421464154503
   },
   "Brandschutzklappe": {
      "oekobaudat_uuid": "e8f279e9-d72d-4645-bb33-5651d9ec07c0",
      "oekobaudat_calculation_factor": 1,
      "Herstellung": 20.7,
      "Transport": 0.0115,
      "Einbau": 0.112,
      "Energieeinsatz": 2.84,
      "Abbruch": 0.00574,
      "Abfallbehandlung": 1.17,
      "Beseitigung": 0.0369,
      "Recyclingpotential": -1.42
   },
   "Kalksandstein": {
      "oekobaudat_uuid": "cc0d7baa-755a-4a4a-baf3-4fe53d68a041",
      "oekobaudat_calculation_factor": 0.0005,
      "Herstellung": 126.0,
      "Transport": 1.64,
      "Einbau": 3.04,
      "Nutzung": -47.5,
      "Abbruch": 0.612,
      "Abfallbehandlung": 0.0,
      "Beseitigung": 14.0,
      "Recyclingpotential": -2.71
   },
   "Aluminium": {
      "oekobaudat_uuid": "143a4df2-563e-4ef9-b75b-90e1cf9f7ef9",
      "oekobaudat_calculation_factor": 1,
      "Herstellung": 10.7706954412878,
      "Transport": 0.00426009080011634,
      "Abfallbehandlung": 0.0,
      "Recyclingpotential": -7.51151951503331
   },
   "Glas1995_2015AluoderStahlfensterIsolierverglasung": {
      "oekobaudat_uuid": "d7bf4202-d1a8-4f3e-8861-c3d78cd2bf70",
      "oekobaudat_calculation_factor": 0.04878,
      "Herstellung": 38.279657104205,
      "Transport": 0.0952308183664899,
      "Abfallbehandlung": 1.51516120213026,
      "Beseitigung": 0.362428074911468,
      "Recyclingpotential": -0.474388470683158
   },
   "Glas1995_2015AluoderStahlfensterWaermeschutzverglasungzweifach": {
      "oekobaudat_uuid": "d7bf4202-d1a8-4f3e-8861-c3d78cd2bf70",
      "oekobaudat_calculation_factor": 0.04878,
      "Herstellung": 38.279657104205,
      "Transport": 0.0952308183664899,
      "Abfallbehandlung": 1.51516120213026,
      "Beseitigung": 0.362428074911468,
      "Recyclingpotential": -0.474388470683158
   },
   "Glas1995_2015Waermeschutzverglasungdreifach": {
      "oekobaudat_uuid": "ba58d8b9-945b-4428-b4e0-aecda8b3df18",
      "oekobaudat_calculation_factor": 0.033333,
      "Herstellung": 59.7649122529103,
      "Transport": 0.144007578993229,
      "Abfallbehandlung": 3.03032240426051,
      "Beseitigung": 0.543642112367202,
      "Recyclingpotential": -0.948776941366316
   },
   "Door0_2015Typical": {
      "oekobaudat_uuid": "b1278220-55a8-44d8-a18f-7f589be87b03",
      "oekobaudat_calculation_factor": 0.0392,
      "Herstellung": 52.85,
      "Transport": 0.0606,
      "Einbau": 23.9,
      "Instandhaltung": 0.29,
      "Reparatur": 4.9,
      "Ersatz": 0.0,
      "Umbau/Erneuerung": 0.0,
      "Energieeinsatz": 0.0,
      "Wassereinsatz": 0.0,
      "Abbruch": 0.0,
      "Abfallbehandlung": 2.31,
      "Beseitigung": 0.21,
      "Recyclingpotential": -17.1
   },
   "concrete_CEM_II_BS325R_wz05": {
      "oekobaudat_uuid": "0a1fa7f9-ad49-4942-a173-cb8c4ad99c9b",
      "oekobaudat_calculation_factor": 4.32e-4,
      "Herstellung": 139.12746653453877,
      "Transport": 9.400875,
      "Einbau": 1.8646061779407925,
      "Nutzung": -3.165207198166792,
      "Abbruch": 8.64,
      "Abfallbehandlung": 3.5650856307435252,
      "Beseitigung": 0.0,
      "Recyclingpotential": -9.41227
   },
   "plasterboard": {
      "oekobaudat_uuid": "0773f90c-78ef-4727-a966-3b005c1a1469",
      "oekobaudat_calculation_factor": 0.1,
      "Herstellung": 1.0138704404845,
      "Transport": 0.0628701053214343,
      "Einbau": 0.0010112032249956,
      "Abbruch": 0.0,
      "Abfallbehandlung": 0.0,
      "Beseitigung": 0.722615477694245,
      "Recyclingpotential": 0.0
   },
   "steel_sheet": {
      "oekobaudat_uuid": "717f4a1c-0df0-49e6-8169-528b50b01e56",
      "oekobaudat_calculation_factor": 0.1748,
      "Herstellung": 16.5898534612017,
      "Abbruch": 0.00188435029794045,
      "Transport": 0.0265717210271377,
      "Abfallbehandlung": 0.0,
      "Recyclingpotential": -7.77603330142102
   },